<meta>
    <info author="Tony_Punk" type="script" name="Skins configuraveis" descriptions="Mais informações visite: discord.gg/DnyCUzJ" version="313" />
    <min_mta_version server="1.5.6-9.18728" client="1.5.6-9.18728"></min_mta_version>
    <script src="config.lua" type="shared" />
    <script src="skins.luac" type="shared" />
    <file src="modelos/skine.dff" type="client" />
    <file src="modelos/skine.txd" type="client" />
    <file src="modelos/grove4.dff" type="client" />
    <file src="modelos/grove4.txd" type="client" />
    <file src="modelos/grove5.dff" type="client" />
    <file src="modelos/grove5.txd" type="client" />
    <file src="modelos/ballas4.dff" type="client" />
    <file src="modelos/ballas4.txd" type="client" />
    <file src="modelos/ballas5.dff" type="client" />
    <file src="modelos/ballas5.txd" type="client" />
    <file src="modelos/skatista.dff" type="client" />
    <file src="modelos/skatista.txd" type="client" />
    <file src="modelos/nativas/andre.txd"></file>
	<file src="modelos/nativas/army.txd"></file>
    <oop>true</oop>
</meta>
