<meta>
    <info author="Tony_Punk and GomeS_Dev" type="script" name="Launcher PUNK STUDIOS" descriptions="" version="200" />
	<min_mta_version server="1.5.6-9.18728" client="1.5.6-9.18728"></min_mta_version>
    <script src="launcher.luac" type="shared" />
    
    <file src="designer/html/index.html" />
    <file src="designer/css/index.css" />
    <file src="designer/html/img/iconlojapunk.png" />
    <file src="designer/js/index.js" />
    <file src="designer/js/jquery.min.js" />
    <file src="designer/js/notification.js" />
    <file src="designer/html/sound/PunkStudios.mp3" />
    
    <file src="designer/css/img_notification/bell-solid.svg"></file>
    <file src="designer/css/img_notification/circle-check-solid.svg"></file>
    <file src="designer/css/img_notification/circle-xmark-solid.svg"></file>
    <file src="designer/css/img_notification/shield-solid.svg"></file>
    <file src="designer/css/img_notification/triangle-exclamation-solid.svg"></file>
    <file src="designer/css/img_notification/qrcode.svg"></file>
    <file src="designer/css/pricedownbl.ttf"></file>


</meta>