<meta>
    <info name="Login PUNK MTA Studio" author="Tony_Punk" type="script" version="70" description=" Acesse nosso discord: discord.gg/DnyCUzJ"></info>
	<min_mta_version server="1.5.6-9.18728" client="1.5.6-9.18728"></min_mta_version>
    <download_priority_group>1</download_priority_group>
    <script src="config.lua" type="shared" />
    <script src="login.luac" type="shared" />
    <file src="arquivos/fundo.png" type="client" />
    <file src="arquivos/musica.mp3" type="client" />
</meta>
