<meta>
    <info name="PUNK Concessionaria" author="Tony_Punk" type="script" version="70" description="Utilize o arquivo de configueração para definir diretrizes dos paineis de veiculos. Acesse nosso discord: discord.gg/bkmeQqg"></info>
    <min_mta_version server="1.5.6-9.18728" client="1.5.6-9.18728"></min_mta_version>
    <script src="config.lua" type="shared" />
    <script src="concessionaria.luac" type="shared" />
	<script src="design.lua" type="client" />
    <oop>true</oop>
</meta>
