<meta>
    <info name="Skate PUNK STUDIOS" author="Tony_Punk" type="script" version="70" description="Acesse nosso discord: discord.gg/DnyCUzJ"></info>
    <min_mta_version server="1.5.6-9.18728" client="1.5.6-9.18728"></min_mta_version>
    <script src="skates.luac" type="shared" />
	<file src = "files/skate.dff" />
	<file src = "files/skate.txd" />
	<file src = "files/skateH.dff" />
	<file src = "files/skateH.txd" />
	<file src = "files/skate.col" />
	
	<export function="createSkate" type="server" />
	<export function="giveSkate" type="server" />
	<export function="takeSkate" type="server" />
	<export function="pickSkate" type="server" />
	<export function="dropSkate" type="server" />
	<export function="useSkate" type="server" />
	<export function="createSkatePickup" type="server" />
	
	
</meta>
