<meta>
    <info name="Armas PUNK STUDIOS" author="Tony_Punk" type="script" version="70" description="Acesse nosso discord: discord.gg/DnyCUzJ"></info>
    <min_mta_version server="1.5.6-9.18728" client="1.5.6-9.18728"></min_mta_version>
    <script src="config.lua" type="shared" />
    <script src="armas.luac" type="shared" />
    <file src="estampas/1.png"></file>
    <file src="estampas/2.png"></file>
    <file src="estampas/3.png"></file>
    <file src="estampas/4.png"></file>
    <file src="estampas/5.png"></file>
    <file src="estampas/6.png"></file>
    <file src="estampas/7.png"></file>
    <file src="modelos/nativas/flare.txd"></file>
    <file src="modelos/nativas/bomb.txd"></file>
    <file src="modelos/nativas/bomb.dff"></file>
    <file src="modelos/nativas/sniper.txd"></file>
    <file src="modelos/nativas/knifecur.txd"></file>
    <file src="modelos/nativas/knifecur.dff"></file>
    <file src="modelos/nativas/gun_vibe1.txd"></file>
    <file src="modelos/nativas/rocketla.txd"></file>
    <file src="modelos/nativas/jetpack.txd"></file>
    <file src="modelos/nativas/gun_dildo1.txd"></file>
    <file src="modelos/nativas/fire_ex.txd"></file>
    <file src="modelos/nativas/fire_ex.dff"></file>
    <file src="modelos/nativas/chnsaw.txd"></file>
    <file src="modelos/nativas/katana.txd"></file>
    <file src="modelos/nativas/katana.dff"></file>
    <file src="modelos/nativas/heatseek.txd"></file>
    <file src="modelos/nativas/heatseek.dff"></file>
    <file src="modelos/nativas/nitestick.txd"></file>
    <file src="modelos/nativas/nitestick.dff"></file>
    <file src="modelos/nativas/silenced.txd"></file>
    <file src="modelos/nativas/silenced.dff"></file>
    <file src="modelos/nativas/shotgspa.txd"></file>
    <file src="modelos/nativas/shotgspa.dff"></file>
    <file src="modelos/nativas/ak47.txd"></file>
    <file src="modelos/nativas/ak47.dff"></file>
    <file src="modelos/nativas/flame.txd"></file>
    <file src="modelos/nativas/flame.dff"></file>
    <file src="modelos/nativas/gun_para.txd"></file>
    <file src="modelos/nativas/spraycan.txd"></file>
    <file src="modelos/nativas/satchel.txd"></file>
    <file src="modelos/nativas/satchel.dff"></file>
    <file src="modelos/nativas/camera.txd"></file>
    <file src="modelos/nativas/camera.dff"></file>
    <file src="modelos/nativas/nvgoggles.txd"></file>
    <file src="modelos/nativas/teargas.txd"></file>
    <file src="modelos/nativas/teargas.dff"></file>
    <file src="modelos/nativas/irgoggles.txd"></file>
    <file src="modelos/nativas/gun_dildo2.txd"></file>
    <file src="modelos/nativas/cellphone.txd"></file>
    <file src="modelos/nativas/micro_uzi.txd"></file>
    <file src="modelos/nativas/micro_uzi.dff"></file>
    <file src="modelos/nativas/flowera.txd"></file>
    <file src="modelos/nativas/minigun.txd"></file>
    <file src="modelos/nativas/minigun.dff"></file>
    <file src="modelos/nativas/tec9.txd"></file>
    <file src="modelos/nativas/tec9.dff"></file>
    <file src="modelos/nativas/cuntgun.txd"></file>
    <file src="modelos/nativas/gun_vibe2.txd"></file>
    <file src="modelos/nativas/chromegun.txd"></file>
    <file src="modelos/nativas/chromegun.dff"></file>
    <file src="modelos/nativas/grenade.txd"></file>
    <file src="modelos/nativas/golfclub.txd"></file>
    <file src="modelos/nativas/golfclub.dff"></file>
    <file src="modelos/nativas/sawnoff.txd"></file>
    <file src="modelos/nativas/sawnoff.dff"></file>
    <file src="modelos/nativas/gun_cane.txd"></file>
    <file src="modelos/nativas/mp5lng.txd"></file>
    <file src="modelos/nativas/mp5lng.dff"></file>
    <file src="modelos/nativas/desert_eagle.txd"></file>
    <file src="modelos/nativas/desert_eagle.dff"></file>
    <file src="modelos/nativas/colt45.txd"></file>
    <file src="modelos/nativas/colt45.dff"></file>
    <file src="modelos/nativas/brassknuckle.txd"></file>
    <file src="modelos/nativas/missile.txd"></file>
    <file src="modelos/nativas/molotov.txd"></file>
    <file src="modelos/nativas/molotov.dff"></file>
    <file src="modelos/nativas/poolcue.txd"></file>
    <file src="modelos/nativas/poolcue.dff"></file>
    <file src="modelos/nativas/m4.txd"></file>
    <file src="modelos/nativas/m4.dff"></file>
    <file src="modelos/nativas/bat.txd"></file>
    <file src="modelos/nativas/bat.dff"></file>
    <file src="modelos/nativas/shovel.txd"></file>
    <file src="modelos/nativas/shovel.dff"></file>
</meta>
