<meta>
    <info name="PUNK Vehicle Loader" author="Tony_Punk" type="script" version="70" description="Adicione mais veículos. Acesse nosso discord: discord.gg/bkmeQqg"></info>
    <min_mta_version server="1.5.6-9.18728" client="1.5.6-9.18728"></min_mta_version>
    <script src="config.lua" type="shared" />
    <script src="vehicleLoader.luac" type="shared" />
    
    <file src="modelos/veiculos/ventoso.dff" type="client" />
    <file src="modelos/veiculos/ventoso.txd" type="client" />
    <file src="modelos/veiculos/stinger.dff" type="client" />
    <file src="modelos/veiculos/stinger.txd" type="client" />
    <file src="modelos/veiculos/kuruma.dff" type="client" />
    <file src="modelos/veiculos/kuruma.txd" type="client" />
    <file src="modelos/veiculos/deluxo.dff" type="client" />
    <file src="modelos/veiculos/deluxo.txd" type="client" />
    <file src="modelos/veiculos/angel.dff" type="client" />
    <file src="modelos/veiculos/angel.txd" type="client" />
    <file src="modelos/veiculos/banshee-legacy.dff" type="client" />
    <file src="modelos/veiculos/banshee-legacy.txd" type="client" />
    <file src="modelos/veiculos/infernus-legacy.dff" type="client" />
    <file src="modelos/veiculos/infernus-legacy.txd" type="client" />
    <file src="modelos/veiculos/splitz6.dff" type="client" />
    <file src="modelos/veiculos/splitz6.txd" type="client" />
    <file src="modelos/veiculos/lilwill.dff" type="client" />
    <file src="modelos/veiculos/lilwill.txd" type="client" />
	
    <export function="createVehicle" type="shared" />
    <export function="setVehicleModel" type="shared" />
    <export function="getVehicleModel" type="shared" />
    
    <oop>true</oop>
</meta>
