<meta>
    <info author="Punk Studios" type="script" name="Escadas" descriptions="www.punkstudios.com.br" version="313" />
	
	<min_mta_version server="1.5.6-9.18728" client="1.5.6-9.18728"></min_mta_version>
    
	<script src="config.lua" type="shared" />
    <script src="escadas.luac" type="shared" />
	
	<file src = "files/anim/ladder.ifpunk" />
	<file src = "files/sound/enter_bot.mp3" />
	<file src = "files/sound/enter_1.mp3" />
	<file src = "files/sound/enter_2.mp3" />
	<file src = "files/sound/enter_3.mp3" />
	<file src = "files/sound/enter_4.mp3" />
	<file src = "files/sound/leave_top.mp3" />
	<file src = "files/sound/ladder_down_1.mp3" />
	<file src = "files/sound/ladder_down_2.mp3" />
	<file src = "files/sound/ladder_up_1.mp3" />
	<file src = "files/sound/ladder_up_2.mp3" />
</meta>
