<meta>
    <info author="Punk Studios" type="script" name="Veiculos novos" descriptions="www.punkstudios.com.br" version="313" />
	<min_mta_version server="1.5.6-9.18728" client="1.5.6-9.18728"></min_mta_version>
    <script src="config.lua" type="shared" />
    <script src="+veiculos.luac" type="shared" />
    <script src="instrucoes.lua" type="server" />
    
	
    <file src="modelos/veiculos/ventoso.dff" type="client" />
    <file src="modelos/veiculos/ventoso.txd" type="client" />
    <file src="modelos/veiculos/stinger.dff" type="client" />
    <file src="modelos/veiculos/stinger.txd" type="client" />
    <file src="modelos/veiculos/kuruma.dff" type="client" />
    <file src="modelos/veiculos/kuruma.txd" type="client" />
    <file src="modelos/veiculos/deluxo.dff" type="client" />
    <file src="modelos/veiculos/deluxo.txd" type="client" />
    <file src="modelos/veiculos/angel.dff" type="client" />
    <file src="modelos/veiculos/angel.txd" type="client" />
    <file src="modelos/veiculos/banshee-legacy.dff" type="client" />
    <file src="modelos/veiculos/banshee-legacy.txd" type="client" />
    <file src="modelos/veiculos/infernus-legacy.dff" type="client" />
    <file src="modelos/veiculos/infernus-legacy.txd" type="client" />
    <file src="modelos/veiculos/splitz6.dff" type="client" />
    <file src="modelos/veiculos/splitz6.txd" type="client" />
    <file src="modelos/veiculos/lilwill.dff" type="client" />
    <file src="modelos/veiculos/lilwill.txd" type="client" />
	
    <export function="createVehicle" type="shared" />
    <export function="setVehicleModel" type="shared" />
    <export function="getVehicleModel" type="shared" />
    <export function="engineImportVehicleTXD" type="client" />
    <export function="engineReplaceVehicleModel" type="client" />
    <export function="engineFreeVehicleModel" type="client" />
    <export function="engineRestoreVehicleModel" type="client" />
    <export function="getOriginalHandling" type="shared" />
	<export function="getData" type="shared" />
    
    <oop>true</oop>
</meta>
