<meta>
    <info author="Tony_Punk" type="script" name="Launcher PUNK STUDIOS" descriptions="" version="313" />
	<min_mta_version server="1.5.6-9.18728" client="1.5.6-9.18728"></min_mta_version>
    <script src="script.lua" type="shared" />
	<file src = "tema/tema.mp3" />
	<file src = "cartazes/punkstudios.png" />
	<file src = "cartazes/apontar.jpg" />
	<file src = "cartazes/escadas.jpg" />
	<file src = "cartazes/deitar.jpg" />
	<file src = "cartazes/skinLoader.jpg" />
	<file src = "cartazes/objectLoader.jpg" />
	<file src = "cartazes/vehicleLoader.jpg" />
	<file src = "cartazes/mute.png" />
	<file src = "cartazes/close.png" />
</meta>