<meta>
    <info name="PUNK Skin Loader" author="Tony_Punk" type="script" version="70" description="Adicione mais skins/bonecos. Acesse nosso discord: discord.gg/bkmeQqg"></info>
    <min_mta_version server="1.5.6-9.18728" client="1.5.6-9.18728"></min_mta_version>
    <script src="config.lua" type="shared" />
    <script src="skinLoader.luac" type="shared" />
    
	<file src="modelos/bonecos/ped1.dff" type="client" />
    <file src="modelos/bonecos/ped1.txd" type="client" />
	<file src="modelos/bonecos/ped2.dff" type="client" />
    <file src="modelos/bonecos/ped2.txd" type="client" />
	<file src="modelos/bonecos/ped3.dff" type="client" />
    <file src="modelos/bonecos/ped3.txd" type="client" />
    <file src="modelos/bonecos/ped4.dff" type="client" />
    <file src="modelos/bonecos/ped4.txd" type="client" />
	<file src="modelos/bonecos/ped5.dff" type="client" />
    <file src="modelos/bonecos/ped5.txd" type="client" />
	<file src="modelos/bonecos/ped6.dff" type="client" />
    <file src="modelos/bonecos/ped6.txd" type="client" />
	<file src="modelos/bonecos/ped7.dff" type="client" />
    <file src="modelos/bonecos/ped7.txd" type="client" />
	
	
	
    <export function="spawnPlayer" type="server" />
    <export function="createPed" type="shared" />
    <export function="setElementModel" type="shared" />
    <export function="getElementModel" type="shared" />
    
    <oop>true</oop>
</meta>
